Date,Actual Price,Predicted Price
2020-07-21 00:00:00-04:00,94.01014622385675,94.76238431677875
2020-07-22 00:00:00-04:00,94.27471913518629,95.27781132461058
2020-07-23 00:00:00-04:00,89.97636053448873,95.14035578981766
2020-07-24 00:00:00-04:00,89.75307006804996,92.95314870765921
2020-07-27 00:00:00-04:00,91.8840356298096,90.3513919472506
2020-07-28 00:00:00-04:00,90.37197191605226,91.59653802810412
2020-07-29 00:00:00-04:00,92.10734131558289,92.02086395713937
2020-07-30 00:00:00-04:00,93.22378603810945,92.98642176459542
2020-07-31 00:00:00-04:00,103.00002449395737,93.82413694809883
2020-08-03 00:00:00-04:00,105.599395514299,99.87630800837591
2020-08-04 00:00:00-04:00,106.30567156179178,104.56982592961381
2020-08-05 00:00:00-04:00,106.69160344659933,105.86938125626497
2020-08-06 00:00:00-04:00,110.41955660874882,105.99084083924299
2020-08-07 00:00:00-04:00,107.9054519100664,107.31453638939315
2020-08-10 00:00:00-04:00,109.47616332940406,107.25503803905346
2020-08-11 00:00:00-04:00,106.2156035400909,107.43954115934774
2020-08-12 00:00:00-04:00,109.75092558519606,106.21817595411461
2020-08-13 00:00:00-04:00,111.69605546277543,106.79021800717301
2020-08-14 00:00:00-04:00,111.5963840409912,109.17480223797331
2020-08-17 00:00:00-04:00,111.30459895953642,109.83820671374002
2020-08-18 00:00:00-04:00,112.23341211640913,110.48601861633821
2020-08-19 00:00:00-04:00,112.37441925075498,110.71404686071486
2020-08-20 00:00:00-04:00,114.87154678177819,111.54831344086126
2020-08-21 00:00:00-04:00,120.7993862620699,112.4558642626913
2020-08-24 00:00:00-04:00,122.24609054372276,115.75243079904234
2020-08-25 00:00:00-04:00,121.24191885196463,119.42521041841748
2020-08-26 00:00:00-04:00,122.89286660290198,118.75991972137479
2020-08-27 00:00:00-04:00,121.42184943435036,119.4698888645451
2020-08-28 00:00:00-04:00,121.22489602630179,119.46752540656072
2020-08-31 00:00:00-04:00,125.34132270212402,119.42485817227558
2020-09-01 00:00:00-04:00,130.34035663521027,121.43122947098809
2020-09-02 00:00:00-04:00,127.6365961993826,125.05280272783166
2020-09-03 00:00:00-04:00,117.40510178997967,126.45004386357719
2020-09-04 00:00:00-04:00,117.48288019905407,120.31248436153065
2020-09-08 00:00:00-04:00,109.56613242543054,114.76918682642922
2020-09-09 00:00:00-04:00,113.94273362490544,110.20272465671405
2020-09-10 00:00:00-04:00,110.21774823298777,111.55542938106662
2020-09-11 00:00:00-04:00,108.76860885781143,112.80249151049038
2020-09-14 00:00:00-04:00,112.03648153736236,111.48543182314249
2020-09-15 00:00:00-04:00,112.21152671336655,112.44285672169319
2020-09-16 00:00:00-04:00,108.8950434793525,114.22931564076625
2020-09-17 00:00:00-04:00,107.15414185172313,113.12839589050583
2020-09-18 00:00:00-04:00,103.75010939587156,110.33297050837677
2020-09-21 00:00:00-04:00,106.90127260864097,108.04074862481663
2020-09-22 00:00:00-04:00,108.58383091738047,106.48247986971772
2020-09-23 00:00:00-04:00,104.02244416780734,109.16795332306909
2020-09-24 00:00:00-04:00,105.09229489769491,109.13515182145187
2020-09-25 00:00:00-04:00,109.04092841041265,107.87552529940206
2020-09-28 00:00:00-04:00,111.64745251797962,109.39693888155719
2020-09-29 00:00:00-04:00,110.80129556689558,112.83861094350874
2020-09-30 00:00:00-04:00,112.47412111120829,113.96117678732793
2020-10-01 00:00:00-04:00,113.42726237431434,114.67054654391806
2020-10-02 00:00:00-04:00,109.76065073995558,115.78754746683416
2020-10-05 00:00:00-04:00,113.14520244761904,113.43497786522117
2020-10-06 00:00:00-04:00,109.89680290658892,113.63242034984096
2020-10-07 00:00:00-04:00,111.7641543750939,113.02879545318854
2020-10-08 00:00:00-04:00,111.65717006307185,113.3032633744023
2020-10-09 00:00:00-04:00,113.60232276965303,114.01238599055418
2020-10-12 00:00:00-04:00,120.82857694568303,114.72537479218289
2020-10-13 00:00:00-04:00,117.61906280435646,118.94953041072664
2020-10-14 00:00:00-04:00,117.70658919719216,120.06537801159747
2020-10-15 00:00:00-04:00,117.23975133006594,118.99227718446319
2020-10-16 00:00:00-04:00,115.59610125003181,117.38604614017183
2020-10-19 00:00:00-04:00,112.63946396145471,117.06036617503712
2020-10-20 00:00:00-04:00,114.12750395566916,115.7420565820244
2020-10-21 00:00:00-04:00,113.50507122205781,115.0252697715915
2020-10-22 00:00:00-04:00,112.41577018265113,114.95606476748665
2020-10-23 00:00:00-04:00,111.72525375605578,114.68035830338684
2020-10-26 00:00:00-04:00,111.73497891081531,114.15147492479544
2020-10-27 00:00:00-04:00,113.24246921454882,113.4917633521293
2020-10-28 00:00:00-04:00,107.99055081904584,114.274843454607
2020-10-29 00:00:00-04:00,111.99754286998798,112.47637691906768
2020-10-30 00:00:00-04:00,105.7147124119718,112.87717905535224
2020-11-02 00:00:00-05:00,105.62717079980155,109.84952404139595
2020-11-03 00:00:00-05:00,107.25140100898565,108.26735368115222
2020-11-04 00:00:00-05:00,111.63771214388554,108.95479043401961
2020-11-05 00:00:00-05:00,115.60582640479133,112.481967406223
2020-11-06 00:00:00-05:00,115.47431613518721,116.57010204079369
2020-11-09 00:00:00-05:00,113.16532240785706,117.59296234159194
2020-11-10 00:00:00-05:00,112.82434082756008,117.77458499746778
2020-11-11 00:00:00-05:00,116.25370586572342,115.6204350794489
2020-11-12 00:00:00-05:00,115.98092212341929,116.31266124356827
2020-11-13 00:00:00-05:00,116.02962399388952,117.41673132424295
2020-11-16 00:00:00-05:00,117.0428587993555,117.58522428924888
2020-11-17 00:00:00-05:00,116.15628690544844,117.99955665435503
2020-11-18 00:00:00-05:00,114.83129164196762,118.00034068609023
2020-11-19 00:00:00-05:00,115.42559143571518,117.26836184044048
2020-11-20 00:00:00-05:00,114.15906124580043,116.72859576048113
2020-11-23 00:00:00-05:00,110.75890211058469,116.44819078735951
2020-11-24 00:00:00-05:00,112.04492065835481,114.7060836345244
2020-11-25 00:00:00-05:00,112.8827982914589,113.56935692766184
2020-11-27 00:00:00-05:00,113.42837338573442,114.34197759228081
2020-11-30 00:00:00-05:00,115.82504569924549,115.48925179853757
2020-12-01 00:00:00-05:00,119.40054678748858,117.28621276588973
2020-12-02 00:00:00-05:00,119.75128396121417,119.89792474084908
2020-12-03 00:00:00-05:00,119.61488828522845,120.78794847642483
2020-12-04 00:00:00-05:00,118.942650279394,121.23510222801104
2020-12-07 00:00:00-05:00,120.40404882852779,120.56487440359234
2020-12-08 00:00:00-05:00,121.01782937046342,120.93970406830107
2020-12-09 00:00:00-05:00,118.48474616163216,121.69167004180905
2020-12-10 00:00:00-05:00,119.9071679950552,121.00420488199471
2020-12-11 00:00:00-05:00,119.09852670356779,120.06411674315389
2020-12-14 00:00:00-05:00,118.48474616163216,119.66066992011037
2020-12-15 00:00:00-05:00,124.42772127010595,119.83782132253981
2020-12-16 00:00:00-05:00,124.35951582244583,123.00123029516807
2020-12-17 00:00:00-05:00,125.22662218749932,124.7503028313898
2020-12-18 00:00:00-05:00,123.23912168261083,126.04790376009234
2020-12-21 00:00:00-05:00,124.76872567940474,125.1817418599357
2020-12-22 00:00:00-05:00,128.3247384097925,123.7058191625903
2020-12-23 00:00:00-05:00,127.42843375145866,126.97832217419904
2020-12-24 00:00:00-05:00,128.41244743464244,127.88957158051903
2020-12-28 00:00:00-05:00,133.01089326377655,128.60385857962234
2020-12-29 00:00:00-05:00,131.23773425662793,131.20731549580455
2020-12-30 00:00:00-05:00,130.1173629457947,132.32505499934075
2020-12-31 00:00:00-05:00,129.11386090475548,131.27277078291496
2021-01-04 00:00:00-05:00,125.91830289318557,129.84448085417765
2021-01-05 00:00:00-05:00,127.47717367026516,127.4526159228798
2021-01-06 00:00:00-05:00,123.18066421871205,126.5050340314395
2021-01-07 00:00:00-05:00,127.38945703574791,124.78285151117936
2021-01-08 00:00:00-05:00,128.49033998872582,126.07201557664442
2021-01-11 00:00:00-05:00,125.49937549113443,128.3160962072465
2021-01-12 00:00:00-05:00,125.32401070910527,127.25376729438712
2021-01-13 00:00:00-05:00,127.360213084464,126.39930337497523
2021-01-14 00:00:00-05:00,125.4312157014779,127.3027295081114
2021-01-15 00:00:00-05:00,123.7067585647995,127.55186979544459
2021-01-19 00:00:00-05:00,124.37901178996846,126.6494379054509
2021-01-20 00:00:00-05:00,128.47087445987225,126.19817650933895
2021-01-21 00:00:00-05:00,133.1862352168039,128.18633327368153
2021-01-22 00:00:00-05:00,135.329634974868,132.70733296553388
2021-01-25 00:00:00-05:00,139.08051606447475,135.03779344035317
2021-01-26 00:00:00-05:00,139.31434592007,138.16281326490355
2021-01-27 00:00:00-05:00,138.24266126037247,139.44499490281382
2021-01-28 00:00:00-05:00,133.40061476288008,138.99348352556893
2021-01-29 00:00:00-05:00,128.40267662187938,135.54591418143522
2021-02-01 00:00:00-05:00,130.52653475441727,130.72738012746396
2021-02-02 00:00:00-05:00,131.35466440376004,129.55209383084198
2021-02-03 00:00:00-05:00,130.33169683386728,131.21195150954313
2021-02-04 00:00:00-05:00,133.69287164370505,131.96877507097568
2021-02-05 00:00:00-05:00,133.27819043598552,133.74041408583665
2021-02-08 00:00:00-05:00,133.4245547760831,134.70465949234466
2021-02-09 00:00:00-05:00,132.54638395483215,134.5246958021694
2021-02-10 00:00:00-05:00,131.9414610655883,134.49599342299382
2021-02-11 00:00:00-05:00,131.68778519777644,133.945978116583
2021-02-12 00:00:00-05:00,131.92196509806567,133.4559128309681
2021-02-16 00:00:00-05:00,129.7949261246127,133.04326215712004
2021-02-17 00:00:00-05:00,127.50200401453775,132.54024330370615
2021-02-18 00:00:00-05:00,126.39943171542794,130.08080392705713
2021-02-19 00:00:00-05:00,126.55555925862132,128.05007083065956
2021-02-22 00:00:00-05:00,122.77954343805155,128.30333012529724
2021-02-23 00:00:00-05:00,122.64296513005158,126.87829563267782
2021-02-24 00:00:00-05:00,122.14533854918747,124.09016515451975
2021-02-25 00:00:00-05:00,117.89123777327971,123.67755425039742
2021-02-26 00:00:00-05:00,118.15468445385463,122.9595118529103
2021-03-01 00:00:00-05:00,124.52609143878858,122.74299978481807
2021-03-02 00:00:00-05:00,121.92092946166133,125.86121330488463
2021-03-03 00:00:00-05:00,118.93525368281634,127.35627660306979
2021-03-04 00:00:00-05:00,117.05212737407938,125.3787838066038
2021-03-05 00:00:00-05:00,118.31078155837899,122.53068058209234
2021-03-08 00:00:00-05:00,113.37370553613158,121.13978555829043
2021-03-09 00:00:00-05:00,117.98880131723266,119.40012140289109
2021-03-10 00:00:00-05:00,116.9057630339818,120.72447031282059
2021-03-11 00:00:00-05:00,118.83768252919613,121.64690637484064
2021-03-12 00:00:00-05:00,117.93026014699399,123.16675189352539
2021-03-15 00:00:00-04:00,120.81834955288427,122.23882760935892
2021-03-16 00:00:00-04:00,122.35998443361775,123.20497059992168
2021-03-17 00:00:00-04:00,121.56967483056202,125.6688073719551
2021-03-18 00:00:00-04:00,117.44239676922567,125.1238882718231
2021-03-19 00:00:00-04:00,116.91551101774309,122.56696193470817
2021-03-22 00:00:00-04:00,120.23295306983204,120.50518572670822
2021-03-23 00:00:00-04:00,119.403590654393,121.26098095666202
2021-03-24 00:00:00-04:00,117.01309739069784,122.38975939977426
2021-03-25 00:00:00-04:00,117.5009455491316,121.75421645755407
2021-03-26 00:00:00-04:00,118.10588365771004,120.743355251138
2021-03-29 00:00:00-04:00,118.28152238776056,120.53067812088099
2021-03-30 00:00:00-04:00,116.82769545755147,121.22963105003281
2021-03-31 00:00:00-04:00,119.0230844623425,120.1964817530574
2021-04-01 00:00:00-04:00,119.85242404877977,121.57612762587601
2021-04-05 00:00:00-04:00,122.6819798940986,122.89132949889485
2021-04-06 00:00:00-04:00,122.98444133872054,124.41252718825334
2021-04-07 00:00:00-04:00,124.63340296650283,125.63378728778284
2021-04-08 00:00:00-04:00,127.033606165623,126.07156106549358
2021-04-09 00:00:00-04:00,129.60955463013534,127.85566504866634
2021-04-12 00:00:00-04:00,127.89231145802036,129.42785320775974
2021-04-13 00:00:00-04:00,131.00480234176948,129.56919481289236
2021-04-14 00:00:00-04:00,128.6630794355499,130.63893225751042
2021-04-15 00:00:00-04:00,131.0730914957695,130.55543855910102
2021-04-16 00:00:00-04:00,130.7413252225255,131.24263669361423
2021-04-19 00:00:00-04:00,131.40485776901343,131.248056739088
2021-04-20 00:00:00-04:00,129.71683571918058,131.3299028345756
2021-04-21 00:00:00-04:00,130.09737995956738,130.76222976995464
2021-04-22 00:00:00-04:00,128.5752638753583,129.95233635027208
2021-04-23 00:00:00-04:00,130.89746037538617,129.53459515153463
2021-04-26 00:00:00-04:00,131.28776020920154,130.39616648906775
2021-04-27 00:00:00-04:00,130.9657647487207,131.538739345608
2021-04-28 00:00:00-04:00,130.17545514566496,132.088595573116
2021-04-29 00:00:00-04:00,130.07788399204475,131.64564604967507
2021-04-30 00:00:00-04:00,128.1069497327834,132.0037383412541
2021-05-03 00:00:00-04:00,129.16072123574858,129.88018838646553
2021-05-04 00:00:00-04:00,124.58460978002545,129.95442710156593
2021-05-05 00:00:00-04:00,124.82854527374323,127.45552479424518
2021-05-06 00:00:00-04:00,126.42873654404994,126.82717449098705
2021-05-07 00:00:00-04:00,127.10308242771568,127.15158182489941
2021-05-10 00:00:00-04:00,123.81913813090954,128.90991502581952
2021-05-11 00:00:00-04:00,122.90042300249213,127.73019724547683
2021-05-12 00:00:00-04:00,119.83145941547578,124.86523165726919
2021-05-13 00:00:00-04:00,121.98168504507295,122.74180669304711
2021-05-14 00:00:00-04:00,124.405561919042,124.01313687723108
2021-05-17 00:00:00-04:00,123.25227118763779,126.36190278865045
2021-05-18 00:00:00-04:00,121.86440485324681,126.6329277878966
2021-05-19 00:00:00-04:00,121.70803380070105,126.16394613829128
2021-05-20 00:00:00-04:00,124.2687172726879,124.66249127704742
2021-05-21 00:00:00-04:00,122.43125657718404,126.02407601300952
2021-05-24 00:00:00-04:00,124.06346171765765,126.48593888171482
2021-05-25 00:00:00-04:00,123.86801502372677,126.98385584746052
2021-05-26 00:00:00-04:00,123.81913813090954,127.3786499144699
2021-05-27 00:00:00-04:00,122.28466394706864,127.1141528316277
2021-05-28 00:00:00-04:00,121.62981403092549,126.19679025032889
2021-06-01 00:00:00-04:00,121.30729350340364,125.146818359383
2021-06-02 00:00:00-04:00,122.06964518894254,124.58298591398666
2021-06-03 00:00:00-04:00,120.58404789791886,124.69814199544147
2021-06-04 00:00:00-04:00,122.88085854796417,124.15700101925084
2021-06-07 00:00:00-04:00,122.89063697039452,125.07589757568374
2021-06-08 00:00:00-04:00,123.71163636151375,125.74829000945832
2021-06-09 00:00:00-04:00,124.09278937528146,126.81333462644395
2021-06-10 00:00:00-04:00,123.09587730609026,127.13904867991498
2021-06-11 00:00:00-04:00,124.30782335274206,126.61962197395576
2021-06-14 00:00:00-04:00,127.36695524965724,126.58829479288408
2021-06-15 00:00:00-04:00,126.5460167358761,128.2479990740718
2021-06-16 00:00:00-04:00,127.04443472213535,128.8596688180941
2021-06-17 00:00:00-04:00,128.64732742431968,129.02842880840117
2021-06-18 00:00:00-04:00,127.34743645313284,129.67605038445492
2021-06-21 00:00:00-04:00,129.14577584924805,129.16425946582982
2021-06-22 00:00:00-04:00,130.78774419281746,129.36274448540186
2021-06-23 00:00:00-04:00,130.51410055811283,130.76987692006756
2021-06-24 00:00:00-04:00,130.2306708913106,131.65392383400976
2021-06-25 00:00:00-04:00,129.9374551924107,131.92847129467492
2021-06-28 00:00:00-04:00,131.5697136005552,131.53060359600798
2021-06-29 00:00:00-04:00,133.08460050086634,132.16131735725048
2021-06-30 00:00:00-04:00,133.70034433695534,133.30641275067788
2021-07-01 00:00:00-04:00,134.00330040994922,134.32315419510795
2021-07-02 00:00:00-04:00,136.63242522928127,134.60356484961898
2021-07-06 00:00:00-04:00,138.64583665119338,136.16494132471175
2021-07-07 00:00:00-04:00,141.13810921450406,138.1650290067639
2021-07-08 00:00:00-04:00,139.83821063364994,140.28877212879155
2021-07-09 00:00:00-04:00,141.6658700777217,139.23319270652217
2021-07-12 00:00:00-04:00,141.06966786715887,139.7831171107028
2021-07-13 00:00:00-04:00,142.18390578617974,140.64865405802703
2021-07-14 00:00:00-04:00,145.61445032276856,141.1730803866455
2021-07-15 00:00:00-04:00,144.9596080162927,143.62005479498274
2021-07-16 00:00:00-04:00,142.91689937542583,144.19270475670538
2021-07-19 00:00:00-04:00,139.06610335468247,143.09425357013296
2021-07-20 00:00:00-04:00,142.68235421110808,139.0739206364889
2021-07-21 00:00:00-04:00,141.94929974452393,139.74630170748472
2021-07-22 00:00:00-04:00,143.31762445338873,140.75614594520079
2021-07-23 00:00:00-04:00,145.03780495706647,142.52279670018126
2021-07-26 00:00:00-04:00,145.458056441221,144.19471596854785
2021-07-27 00:00:00-04:00,143.2883424537685,145.22724599408022
2021-07-28 00:00:00-04:00,141.538834292467,144.3234108009083
2021-07-29 00:00:00-04:00,142.18390578617974,141.79852181853826
2021-07-30 00:00:00-04:00,142.39890932497133,141.57960652273596
2021-08-02 00:00:00-04:00,142.06659515568458,141.8828109114616
2021-08-03 00:00:00-04:00,143.86498781947063,142.8017870073459
2021-08-04 00:00:00-04:00,143.46424752217317,143.99758311964956
2021-08-05 00:00:00-04:00,143.5717416819017,144.62133149750545
2021-08-06 00:00:00-04:00,142.88658246105808,144.85285947774358
2021-08-09 00:00:00-04:00,142.837621861901,144.44485618041287
2021-08-10 00:00:00-04:00,142.35799975377634,144.24621208193807
2021-08-11 00:00:00-04:00,142.61251268498688,144.2891917926394
2021-08-12 00:00:00-04:00,145.57833484194796,144.37517962098903
2021-08-13 00:00:00-04:00,145.78390239333592,145.95238444690983
2021-08-16 00:00:00-04:00,147.7611526764239,147.21229503842895
2021-08-17 00:00:00-04:00,146.85085383999711,147.85976889835868
2021-08-18 00:00:00-04:00,143.10192082520916,147.93366104870657
2021-08-19 00:00:00-04:00,143.4347220132006,145.68678517452685
2021-08-20 00:00:00-04:00,144.89317562110438,143.95490452258565
2021-08-23 00:00:00-04:00,146.380987325301,145.10110210555385
2021-08-24 00:00:00-04:00,146.29289781708798,146.93565114508053
2021-08-25 00:00:00-04:00,145.05958382476734,148.06465684376818
2021-08-26 00:00:00-04:00,144.25694656074887,147.61342385460316
2021-08-27 00:00:00-04:00,145.29452469178267,146.68297135216017
2021-08-30 00:00:00-04:00,149.71881567598209,146.5577137603779
2021-08-31 00:00:00-04:00,148.45611314869964,149.17463556940376
2021-09-01 00:00:00-04:00,149.12173074401701,150.08307836936734
2021-09-02 00:00:00-04:00,150.23759713183176,151.05225522186194
2021-09-03 00:00:00-04:00,150.8738414115218,151.7043537327515
2021-09-07 00:00:00-04:00,153.21326619822858,151.96485679885572
2021-09-08 00:00:00-04:00,151.66672308211173,153.3153116930116
2021-09-09 00:00:00-04:00,150.64870179593865,153.01924312935415
2021-09-10 00:00:00-04:00,145.65666875673242,152.12518560731468
2021-09-13 00:00:00-04:00,146.22439559240468,149.18512341420941
2021-09-14 00:00:00-04:00,144.8246733964211,147.47079257408006
2021-09-15 00:00:00-04:00,145.71540016865265,146.56899131830815
2021-09-16 00:00:00-04:00,145.48045930163732,146.4139859717034
2021-09-17 00:00:00-04:00,142.8082333269391,146.64181536745156
2021-09-20 00:00:00-04:00,139.75432166176498,145.8808273475994
2021-09-21 00:00:00-04:00,140.23392855055513,142.6930224889498
2021-09-22 00:00:00-04:00,142.6026962142202,142.49417954184648
2021-09-23 00:00:00-04:00,143.56198608847313,144.4464128811045
2021-09-24 00:00:00-04:00,143.65007559668618,146.35383710227904
2021-09-27 00:00:00-04:00,142.13287535752767,146.77572571526792
2021-09-28 00:00:00-04:00,138.74611684635852,145.55237486444454
2021-09-29 00:00:00-04:00,139.6466448700222,143.07739120643677
2021-09-30 00:00:00-04:00,138.34479821434925,142.72695174636002
2021-10-01 00:00:00-04:00,139.4704506342616,142.6528437032155
2021-10-04 00:00:00-04:00,136.03473152393533,142.30709138938178
2021-10-05 00:00:00-04:00,137.9630364272007,140.90977071418484
2021-10-06 00:00:00-04:00,138.83419113523703,141.19971474008474
2021-10-07 00:00:00-04:00,140.09690888185403,141.37997386250805
2021-10-08 00:00:00-04:00,139.71516231404,143.50948359476203
2021-10-11 00:00:00-04:00,139.62705758649244,144.21428267359153
2021-10-12 00:00:00-04:00,138.3545538077778,143.91552113136532
2021-10-13 00:00:00-04:00,137.7673005659139,142.9343565472673
2021-10-14 00:00:00-04:00,140.55697414511803,141.36571357515044
2021-10-15 00:00:00-04:00,141.61410912101255,142.88601928637542
2021-10-18 00:00:00-04:00,143.28790109306735,144.42890852040776
2021-10-19 00:00:00-04:00,145.45111642467901,145.3481402788144
2021-10-20 00:00:00-04:00,145.94050934556677,147.35888624735375
2021-10-21 00:00:00-04:00,146.15587814838688,148.4199993428846
2021-10-22 00:00:00-04:00,145.38262941933024,148.381274992833
2021-10-25 00:00:00-04:00,145.3336383815041,148.08071813156099
2021-10-26 00:00:00-04:00,145.9992559768215,147.4098596729205
2021-10-27 00:00:00-04:00,145.5392211522266,148.01467766134388
2021-10-28 00:00:00-04:00,149.18046215593725,147.72190430353
2021-10-29 00:00:00-04:00,146.46907683351407,149.57336115786794
2021-11-01 00:00:00-04:00,145.64689794396938,146.93587840065592
2021-11-02 00:00:00-04:00,146.68447607500318,146.0762216913457
2021-11-03 00:00:00-04:00,148.12335761871174,147.045762152761
2021-11-04 00:00:00-04:00,147.60457616286206,148.66962822970495
2021-11-05 00:00:00-04:00,148.13388939820092,149.44395615183427
2021-11-08 00:00:00-05:00,147.31049296189448,149.8484142621884
2021-11-09 00:00:00-05:00,147.673154484218,149.34652032387285
2021-11-10 00:00:00-05:00,144.8401971176335,149.10868600141683
2021-11-11 00:00:00-05:00,144.7911756411383,147.27013158237338
2021-11-12 00:00:00-05:00,146.8693757701103,146.74192712981355
2021-11-15 00:00:00-05:00,146.8791770215425,147.7944670087617
2021-11-16 00:00:00-05:00,147.85943913876665,149.09465296963464
2021-11-17 00:00:00-05:00,150.30027035139315,149.69780062957867
2021-11-18 00:00:00-05:00,154.59382725204904,151.5060618804186
2021-11-19 00:00:00-05:00,157.22092789988966,154.1710993761503
2021-11-22 00:00:00-05:00,157.68166281387258,156.51643372838083
2021-11-23 00:00:00-05:00,158.06394205839487,159.14371271025647
2021-11-24 00:00:00-05:00,158.5834692616361,158.56080215930362
2021-11-26 00:00:00-05:00,153.55471196822847,158.05423811891316
2021-11-29 00:00:00-05:00,156.91701300882087,154.56256983036917
2021-11-30 00:00:00-05:00,161.87719198087262,155.36831583580033
2021-12-01 00:00:00-05:00,161.35763433896236,158.0824518986016
2021-12-02 00:00:00-05:00,160.3675557509715,161.50368232154406
2021-12-03 00:00:00-05:00,158.48544152798027,158.4313005696504
2021-12-06 00:00:00-05:00,161.89677926440234,157.67447132682844
2021-12-07 00:00:00-05:00,167.64110400902845,160.0961067385063
2021-12-08 00:00:00-05:00,171.4641399636038,164.47179921543497
2021-12-09 00:00:00-05:00,170.95438357312565,168.00733919281382
2021-12-10 00:00:00-05:00,175.74784995482398,169.63403460167177
2021-12-13 00:00:00-05:00,172.11108343546275,171.19054212606116
2021-12-14 00:00:00-05:00,170.72890913218296,171.64712130263794
2021-12-15 00:00:00-05:00,175.60084640267644,169.0000824484795
2021-12-16 00:00:00-05:00,168.69977613770968,169.17485334875644
2021-12-17 00:00:00-05:00,167.60186856463085,168.22006177418592
2021-12-20 00:00:00-05:00,166.23929676421537,165.0320978366335
2021-12-21 00:00:00-05:00,169.41537402759718,162.81541286564837
2021-12-22 00:00:00-05:00,172.0130709211414,164.90194856859034
2021-12-23 00:00:00-05:00,172.64044232880516,168.0323941200039
2021-12-27 00:00:00-05:00,176.61049705486252,170.63300466010398
2021-12-28 00:00:00-05:00,175.59099949324076,173.4644614137159
2021-12-29 00:00:00-05:00,175.67925641413356,174.8122119665243
2021-12-30 00:00:00-05:00,174.5225413324619,174.79715628465271
2021-12-31 00:00:00-05:00,173.90495595689578,174.35316706695423
2022-01-03 00:00:00-05:00,178.25730514680993,173.50050414797755
2022-01-04 00:00:00-05:00,175.99291167929636,174.89285360746217
2022-01-05 00:00:00-05:00,171.30725906335152,175.63491123788182
2022-01-06 00:00:00-05:00,168.44491316180515,173.06719594232382
2022-01-07 00:00:00-05:00,168.6115648748205,169.35159000976074
2022-01-10 00:00:00-05:00,168.63115215835023,168.48223516876945
2022-01-11 00:00:00-05:00,171.4641399636038,167.35402486459577
2022-01-12 00:00:00-05:00,171.90524193605341,169.5929013425207
2022-01-13 00:00:00-05:00,168.63115215835023,172.58348245004188
2022-01-14 00:00:00-05:00,169.4938144777233,172.18964853783862
2022-01-18 00:00:00-05:00,166.2883638987141,170.97139957468346
2022-01-19 00:00:00-05:00,162.78876924139925,169.20189676223146
2022-01-20 00:00:00-05:00,161.10274092438874,167.01632307952133
2022-01-21 00:00:00-05:00,159.04420417561906,165.4468847128905
2022-01-24 00:00:00-05:00,158.2698139964733,163.62128386164602
2022-01-25 00:00:00-05:00,156.46612500427366,160.1677149703212
2022-01-26 00:00:00-05:00,156.37788330271536,159.20146971474952
2022-01-27 00:00:00-05:00,155.917194046736,160.97790382225185
2022-01-28 00:00:00-05:00,166.80787588262083,161.93399075360227
2022-01-31 00:00:00-05:00,171.17005676263616,168.04499544166094
2022-02-01 00:00:00-05:00,171.00342026895535,172.84898513880532
2022-02-02 00:00:00-05:00,172.20911116911864,174.47395340529008
2022-02-03 00:00:00-05:00,169.32711710670438,174.89497844709234
2022-02-04 00:00:00-05:00,169.04250033180944,173.32961931804033
2022-02-07 00:00:00-05:00,168.3260197205197,171.43310336448596
2022-02-08 00:00:00-05:00,171.43738437351416,170.78779979530145
2022-02-09 00:00:00-05:00,172.86057478333063,171.6821868379253
2022-02-10 00:00:00-05:00,168.7775164984478,173.839296759814
2022-02-11 00:00:00-05:00,165.36185647102144,172.07792969696206
2022-02-14 00:00:00-05:00,165.59742133075216,169.203555727932
2022-02-15 00:00:00-05:00,169.43511350447216,166.82683738073595
2022-02-16 00:00:00-05:00,169.19954864474144,169.3069229264119
2022-02-17 00:00:00-05:00,165.59742133075216,170.48692477622384
2022-02-18 00:00:00-05:00,164.04661680096922,169.16793341648489
2022-02-22 00:00:00-05:00,161.12173465387215,167.6233681725838
2022-02-23 00:00:00-05:00,156.9503129127549,164.35093333764772
2022-02-24 00:00:00-05:00,159.57097578209272,162.33351741796977
2022-02-25 00:00:00-05:00,161.64194672716687,158.53463367979396
2022-02-28 00:00:00-05:00,161.9069305605285,161.74809569290852
2022-03-01 00:00:00-05:00,160.02244212135184,163.68681300681843
2022-03-02 00:00:00-05:00,163.32028928024374,164.40925848107932
2022-03-03 00:00:00-05:00,162.99637618361314,165.9183491296573
2022-03-04 00:00:00-05:00,159.99296227038278,167.57781479249084
2022-03-07 00:00:00-05:00,156.19453597972944,165.22202668379097
2022-03-08 00:00:00-05:00,154.36891592648368,162.5546598184112
2022-03-09 00:00:00-05:00,159.77704557151992,159.704261312588
2022-03-10 00:00:00-05:00,155.42897301460644,161.86266659125664
2022-03-11 00:00:00-05:00,151.70901761274826,160.24406148088363
2022-03-14 00:00:00-04:00,147.67501124302967,158.29095888904965
2022-03-15 00:00:00-04:00,152.06239534101337,154.12469378764948
2022-03-16 00:00:00-04:00,156.47916797395894,154.4316024422545
2022-03-17 00:00:00-04:00,157.49011226957936,158.44862880727618
2022-03-18 00:00:00-04:00,160.78798986714034,160.9865395341178
2022-03-21 00:00:00-04:00,162.16212836179253,163.44493353511993
2022-03-22 00:00:00-04:00,165.53853772548675,165.32475756665968
2022-03-23 00:00:00-04:00,166.90281409136875,167.39790791620942
2022-03-24 00:00:00-04:00,170.69145434992447,169.23097411310647
2022-03-25 00:00:00-04:00,171.32943363375003,171.18150871693823
2022-03-28 00:00:00-04:00,172.19317652587412,172.4103023387929
2022-03-29 00:00:00-04:00,175.4910389041006,172.0173092722187
2022-03-30 00:00:00-04:00,174.3230615148827,174.05714395441186
2022-03-31 00:00:00-04:00,171.2214676746513,174.5153707339104
2022-04-01 00:00:00-04:00,170.92701920965519,172.70092813141903
2022-04-04 00:00:00-04:00,174.98062808223804,170.3256528571269
2022-04-05 00:00:00-04:00,171.66311754314376,171.7001400283835
2022-04-06 00:00:00-04:00,168.4928540655493,171.84454958378424
2022-04-07 00:00:00-04:00,168.7971342206466,168.79467749663596
2022-04-08 00:00:00-04:00,166.78501644216885,167.7774929038338
2022-04-11 00:00:00-04:00,162.52527690282076,167.09986222904578
2022-04-12 00:00:00-04:00,164.39997930989983,164.76052742400634
2022-04-13 00:00:00-04:00,167.08931181660068,165.37424246820743
2022-04-14 00:00:00-04:00,162.07381056356164,166.83109842277506
2022-04-18 00:00:00-04:00,161.85784820669522,166.5780266139871
2022-04-19 00:00:00-04:00,164.14475106996673,164.47890095216684
2022-04-20 00:00:00-04:00,163.9779015056026,164.96439840071582
2022-04-21 00:00:00-04:00,163.18288912817962,166.5046230631264
2022-04-22 00:00:00-04:00,158.63850237526748,167.5176488788983
2022-04-25 00:00:00-04:00,159.70837593415692,164.9539787325828
2022-04-26 00:00:00-04:00,153.7407683327593,162.10989793175628
2022-04-27 00:00:00-04:00,153.5150199437952,159.6894783374069
2022-04-28 00:00:00-04:00,160.4543059577466,157.71277525406552
2022-04-29 00:00:00-04:00,154.57506181258347,161.43991440708115
2022-05-02 00:00:00-04:00,154.8793419676808,161.82178331323854
2022-05-03 00:00:00-04:00,156.37118679552574,158.8110787245139
2022-05-04 00:00:00-04:00,162.7902911748514,159.29026983084498
2022-05-05 00:00:00-04:00,153.71130370112482,162.98487734823922
2022-05-06 00:00:00-04:00,154.43869657526682,161.39421331086416
2022-05-09 00:00:00-04:00,149.3076805732062,158.63235357722468
2022-05-10 00:00:00-04:00,151.71589675195216,155.2809587926088
2022-05-11 00:00:00-04:00,143.84246320437813,155.67738341837185
2022-05-12 00:00:00-04:00,139.9696448065815,152.90103614179932
2022-05-13 00:00:00-04:00,144.44208976520838,146.51587032755367
2022-05-16 00:00:00-04:00,142.8988340253483,147.10507585794568
2022-05-17 00:00:00-04:00,146.53576795738923,148.05878228714357
2022-05-18 00:00:00-04:00,138.25931121233947,151.14965696148707
2022-05-19 00:00:00-04:00,134.8484757139566,148.64475510697523
2022-05-20 00:00:00-04:00,135.08439061838132,144.05870350665884
2022-05-23 00:00:00-04:00,140.51028122680466,141.40134724937633
2022-05-24 00:00:00-04:00,137.80712956435784,143.0963897725419
2022-05-25 00:00:00-04:00,137.96443660597674,143.49417793175746
2022-05-26 00:00:00-04:00,141.16883705090387,143.41747917505313
2022-05-27 00:00:00-04:00,146.92895946476378,144.06533368807172
2022-05-31 00:00:00-04:00,146.14257645001467,149.10561805114864
2022-06-01 00:00:00-04:00,146.01481013670292,151.3846278636928
2022-06-02 00:00:00-04:00,148.47216954662028,152.0500321885232
2022-06-03 00:00:00-04:00,142.74155742239847,151.62405297517677
2022-06-06 00:00:00-04:00,143.4885984574083,148.36699197991786
2022-06-07 00:00:00-04:00,146.01481013670292,147.5194139044412
2022-06-08 00:00:00-04:00,145.2775703531252,147.37666899613038
2022-06-09 00:00:00-04:00,140.04828310805638,148.64231210953946
2022-06-10 00:00:00-04:00,134.63223940906872,146.65704149100472
2022-06-13 00:00:00-04:00,129.47168267870106,141.49619236377796
2022-06-14 00:00:00-04:00,130.33670399492502,135.58379768585777
2022-06-15 00:00:00-04:00,132.96118691722785,134.09149554291398
2022-06-16 00:00:00-04:00,127.68272600231862,135.96335994792463
2022-06-17 00:00:00-04:00,129.15715991147047,134.12318065151695
2022-06-21 00:00:00-04:00,133.3936899656726,133.77360476262677
2022-06-22 00:00:00-04:00,132.882579054422,136.74344879889085
2022-06-23 00:00:00-04:00,135.7527781325817,138.18624899611876
2022-06-24 00:00:00-04:00,139.0849905488242,139.87810994122844
2022-06-27 00:00:00-04:00,139.0849905488242,142.59822282566324
2022-06-28 00:00:00-04:00,134.9369000475291,144.02302438131787
2022-06-29 00:00:00-04:00,136.69639209227702,142.46047185862227
2022-06-30 00:00:00-04:00,134.22920099225848,140.59726020964573
2022-07-01 00:00:00-04:00,136.40150226657977,138.070916791593
2022-07-05 00:00:00-04:00,138.98670408648147,137.91599666582903
2022-07-06 00:00:00-04:00,140.32349433421678,139.52113688335837
2022-07-07 00:00:00-04:00,143.69504873019852,142.12594597021433
2022-07-08 00:00:00-04:00,144.37328315383462,144.74591300395082
2022-07-11 00:00:00-04:00,142.24027820124905,146.12464985446775
2022-07-12 00:00:00-04:00,143.21337201191338,145.24154605116354
2022-07-13 00:00:00-04:00,142.84970601351142,145.44835998757472
2022-07-14 00:00:00-04:00,145.77891045161272,143.8405040659191
2022-07-15 00:00:00-04:00,147.44991728545006,144.5123056351976
2022-07-18 00:00:00-04:00,144.40274778546913,147.16618488217617
2022-07-19 00:00:00-04:00,148.26578015116814,147.2991237124076
2022-07-20 00:00:00-04:00,150.2709731324384,147.60803789746572
2022-07-21 00:00:00-04:00,152.54160652710596,149.42392357286099
2022-07-22 00:00:00-04:00,151.3030570837098,151.50316437183199
2022-07-25 00:00:00-04:00,150.18250314086234,152.11940195292024
2022-07-26 00:00:00-04:00,148.85555980256265,151.18501792902245
2022-07-27 00:00:00-04:00,153.9570502956507,149.5253250106135
2022-07-28 00:00:00-04:00,154.50750318664052,151.16605345125362
2022-07-29 00:00:00-04:00,159.5795290480941,152.90299053974792
2022-08-01 00:00:00-04:00,158.59658832799406,157.0315766667434
2022-08-02 00:00:00-04:00,157.12216963817673,158.0509656386271
2022-08-03 00:00:00-04:00,163.13783989799464,157.07808452025316
2022-08-04 00:00:00-04:00,162.8232714727605,158.73998181774368
2022-08-05 00:00:00-04:00,162.59691431041554,160.59291015193244
2022-08-08 00:00:00-04:00,162.12439963151263,160.22585830929248
2022-08-09 00:00:00-04:00,162.17361895935662,160.88127475158316
2022-08-10 00:00:00-04:00,166.42588580545444,160.28125185580117
2022-08-11 00:00:00-04:00,165.68767198446733,162.77277971969954
2022-08-12 00:00:00-04:00,169.24102133131376,164.3318552320912
2022-08-15 00:00:00-04:00,170.31393875710756,165.87795445112636
2022-08-16 00:00:00-04:00,170.1564490834744,167.1631301812428
2022-08-17 00:00:00-04:00,171.6526162023236,167.67756862732153
2022-08-18 00:00:00-04:00,171.25887679890624,168.57564857304592
2022-08-19 00:00:00-04:00,168.67012887406094,168.60421459887627
2022-08-22 00:00:00-04:00,164.78207592240787,167.01458457436937
2022-08-23 00:00:00-04:00,164.44738753693568,163.5602202885306
2022-08-24 00:00:00-04:00,164.74270350399954,162.3387329334257
2022-08-25 00:00:00-04:00,167.20348726418433,162.70361448532037
2022-08-26 00:00:00-04:00,160.89402297075475,165.0522554061733
2022-08-29 00:00:00-04:00,158.68915232055653,163.89474049554917
2022-08-30 00:00:00-04:00,156.25789406934433,159.70298868136564
2022-08-31 00:00:00-04:00,154.59440558676087,157.9200096132912
2022-09-01 00:00:00-04:00,155.3228029369813,157.02896322762606
2022-09-02 00:00:00-04:00,153.20649359436632,156.18266346476116
2022-09-06 00:00:00-04:00,151.94656098596684,156.81400217883606
2022-09-07 00:00:00-04:00,153.35413635856372,155.96179377101024
2022-09-08 00:00:00-04:00,151.87766305858597,156.0414582129738
2022-09-09 00:00:00-04:00,154.74200269295469,155.49476083796415
2022-09-12 00:00:00-04:00,160.7069925688145,157.199563988094
2022-09-13 00:00:00-04:00,151.2674134022594,161.99800864919814
2022-09-14 00:00:00-04:00,152.71433075459552,158.9691236144399
2022-09-15 00:00:00-04:00,149.82043517258518,156.61928960181604
2022-09-16 00:00:00-04:00,148.1766557282076,154.50394925468953
2022-09-19 00:00:00-04:00,151.8973264387883,151.6776284770821
2022-09-20 00:00:00-04:00,154.27941102016013,152.31415998105535
2022-09-21 00:00:00-04:00,151.14929614703456,155.4280726893571
2022-09-22 00:00:00-04:00,150.18464906702988,156.7434393226681
2022-09-23 00:00:00-04:00,147.91088048945082,154.82923152256726
2022-09-26 00:00:00-04:00,148.24555365558845,152.26351607607296
2022-09-27 00:00:00-04:00,149.22000198702526,151.95159643602994
2022-09-28 00:00:00-04:00,147.33011068409328,153.18863943527236
2022-09-29 00:00:00-04:00,140.08554003896612,150.44414202759498
2022-09-30 00:00:00-04:00,135.87264561127657,145.9836377699195
2022-10-03 00:00:00-04:00,140.05599931065902,142.24329506797196
2022-10-04 00:00:00-04:00,143.64876673391728,142.20162775821865
2022-10-05 00:00:00-04:00,143.94406748164664,146.44452343965048
2022-10-06 00:00:00-04:00,142.98931296908125,147.90896973043718
2022-10-07 00:00:00-04:00,137.7330266245705,148.64525506924113
2022-10-10 00:00:00-04:00,138.05785288127245,145.15954087677315
2022-10-11 00:00:00-04:00,136.6404153799053,143.1843604057871
2022-10-12 00:00:00-04:00,136.01045668537282,142.13059902812105
2022-10-13 00:00:00-04:00,140.5875650075071,141.61853540280543
2022-10-14 00:00:00-04:00,136.0498443231156,141.92537588073782
2022-10-17 00:00:00-04:00,140.01664211158527,143.24098113240302
2022-10-18 00:00:00-04:00,141.33562573792992,144.42318736129656
2022-10-19 00:00:00-04:00,141.44389608371907,146.29762543569885
2022-10-20 00:00:00-04:00,140.98125875292087,145.72419144224102
2022-10-21 00:00:00-04:00,144.80042899652764,145.6301644479109
2022-10-24 00:00:00-04:00,146.94621819011164,146.63548061828672
2022-10-25 00:00:00-04:00,149.79087922494352,148.78957372241175
2022-10-26 00:00:00-04:00,146.84780997309272,151.28343095595818
2022-10-27 00:00:00-04:00,142.3691403066464,150.64944471442962
2022-10-28 00:00:00-04:00,153.13761088631998,147.2513829974012
2022-10-31 00:00:00-04:00,150.7752353431541,150.39720238849193
2022-11-01 00:00:00-04:00,148.12740596169456,151.5565807948345
2022-11-02 00:00:00-04:00,142.59557356566395,151.41379611679798
2022-11-03 00:00:00-04:00,136.54199194355186,147.91515108208858
2022-11-04 00:00:00-04:00,136.27580578276297,141.71606213299702
2022-11-07 00:00:00-05:00,136.80817810434073,139.2134669225757
2022-11-08 00:00:00-05:00,137.38005981833746,137.8849194658903
2022-11-09 00:00:00-05:00,132.8151117444862,139.51482485975106
2022-11-10 00:00:00-05:00,144.64651586650717,138.4089594600306
2022-11-11 00:00:00-05:00,147.43675256108855,143.63319016724202
2022-11-14 00:00:00-05:00,146.036680320411,147.78860381491583
2022-11-15 00:00:00-05:00,147.7719888426035,149.5006677806804
2022-11-16 00:00:00-05:00,146.53954235235065,151.32914341495396
2022-11-17 00:00:00-05:00,148.4424309669644,149.75575080131082
2022-11-18 00:00:00-05:00,149.00440489418733,148.70072247381182
2022-11-21 00:00:00-05:00,145.77047894028757,150.06834084530135
2022-11-22 00:00:00-05:00,147.91001298738308,148.7304418216874
2022-11-23 00:00:00-05:00,148.78751415791504,148.3079509814237
2022-11-25 00:00:00-05:00,145.86908500865525,149.26468559116404
2022-11-28 00:00:00-05:00,142.03375183178622,147.8443609703452
2022-11-29 00:00:00-05:00,139.02657874292896,144.99143992763481
2022-11-30 00:00:00-05:00,145.79021841716255,142.64557152480205
2022-12-01 00:00:00-05:00,146.06629714539068,143.94401898052303
2022-12-02 00:00:00-05:00,145.57329724222123,146.79166769388365
2022-12-05 00:00:00-05:00,144.40990087269446,147.0374900498157
2022-12-06 00:00:00-05:00,140.74216300758107,147.61634408874733
2022-12-07 00:00:00-05:00,138.79984109722096,145.63523224724275
2022-12-08 00:00:00-05:00,140.48579331755883,142.77130067190328
2022-12-09 00:00:00-05:00,140.00268598182865,142.68088704122235
2022-12-12 00:00:00-05:00,142.29993799257508,143.17698596236468
2022-12-13 00:00:00-05:00,143.2661983220391,143.95056962248452
2022-12-14 00:00:00-05:00,141.0379355546806,147.1492429790286
2022-12-15 00:00:00-05:00,134.42219737333133,145.7935839321956
2022-12-16 00:00:00-05:00,132.46013598609628,141.09402953473557
2022-12-19 00:00:00-05:00,130.35023398331504,137.1764729350753
2022-12-20 00:00:00-05:00,130.28122952059252,134.76847285792266
2022-12-21 00:00:00-05:00,133.3869630198139,133.43841415166074
2022-12-22 00:00:00-05:00,130.21219461920094,135.78950943272815
2022-12-23 00:00:00-05:00,129.84740239004435,135.54726635210898
2022-12-27 00:00:00-05:00,128.04310462446384,134.3434367552142
2022-12-28 00:00:00-05:00,124.10916537922708,133.29634532868678
2022-12-29 00:00:00-05:00,127.62900175145612,131.49098158643346
2022-12-30 00:00:00-05:00,127.94449855609611,132.0368949297079
2023-01-03 00:00:00-05:00,123.1527900075351,132.13125712601177
2023-01-04 00:00:00-05:00,124.42466979353432,130.9722252844217
2023-01-05 00:00:00-05:00,123.10347936368399,130.17801249944313
2023-01-06 00:00:00-05:00,127.63884866089181,129.4967343726696
2023-01-09 00:00:00-05:00,128.16141973103745,130.80844219121636
2023-01-10 00:00:00-05:00,128.73325578703063,133.36608438339385
2023-01-11 00:00:00-05:00,131.4544880188895,133.43609046340205
2023-01-12 00:00:00-05:00,131.3756062080622,134.66606013285954
2023-01-13 00:00:00-05:00,132.70661310867922,135.3564512082074
2023-01-17 00:00:00-05:00,133.87008557487863,135.39427789873608
2023-01-18 00:00:00-05:00,133.15031758733213,136.64326885985625
2023-01-19 00:00:00-05:00,133.20949035995343,137.36876524021713
2023-01-20 00:00:00-05:00,135.77294375082332,136.28875584359008
2023-01-23 00:00:00-05:00,138.96746684764574,136.84070282239193
2023-01-24 00:00:00-05:00,140.36749343031977,139.55700917593845
2023-01-25 00:00:00-05:00,139.70689821539457,141.19476056854057
2023-01-26 00:00:00-05:00,141.7773973610985,140.75447561672144
2023-01-27 00:00:00-05:00,143.7197040521241,141.9708951724945
2023-01-30 00:00:00-05:00,140.83086128917498,143.3518477648718
2023-01-31 00:00:00-05:00,142.10275629450874,142.529807534683
2023-02-01 00:00:00-05:00,143.22671936828914,141.83403050219766
2023-02-02 00:00:00-05:00,148.54103703533207,142.22015476900478
2023-02-03 00:00:00-05:00,152.16931116603004,146.21738149201798
2023-02-06 00:00:00-05:00,149.43823202473547,148.81492408184988
2023-02-07 00:00:00-05:00,152.31721265891434,148.68471799991286
2023-02-08 00:00:00-05:00,149.6255515940316,149.159886682559
2023-02-09 00:00:00-05:00,148.59031724051417,148.92030249217223
2023-02-10 00:00:00-05:00,148.95568780438256,148.66253785575185
2023-02-13 00:00:00-05:00,151.7600784800694,147.55826892644868
2023-02-14 00:00:00-05:00,151.1182030466062,148.91113841109342
2023-02-15 00:00:00-05:00,153.2214694195359,149.36055335565507
2023-02-16 00:00:00-05:00,151.62181082593747,150.82793124336465
2023-02-17 00:00:00-05:00,150.47635805181207,151.13548757635962
2023-02-21 00:00:00-05:00,146.45741882327025,149.74603562546162
2023-02-22 00:00:00-05:00,146.8820230370981,147.2073749552211
2023-02-23 00:00:00-05:00,147.36586090088534,146.3480988989997
2023-02-24 00:00:00-05:00,144.70960000810064,147.03021787140224
2023-02-27 00:00:00-05:00,145.90445474208428,145.5856791690224
2023-02-28 00:00:00-05:00,145.40080130474948,146.60928373183015
2023-03-01 00:00:00-05:00,143.32716697613398,146.98358502732603
2023-03-02 00:00:00-05:00,143.91965566907345,146.02238484552865
2023-03-03 00:00:00-05:00,148.9754272812575,145.38217748262298
2023-03-06 00:00:00-05:00,151.74030856452538,148.67350293726588
2023-03-07 00:00:00-05:00,149.53829914921727,153.3191977633513
2023-03-08 00:00:00-05:00,150.79235709449128,153.0623421492326
2023-03-09 00:00:00-05:00,148.54094571932498,152.78374953932493
2023-03-10 00:00:00-05:00,146.47715830014522,151.87995411587872
2023-03-13 00:00:00-04:00,148.4224632000716,149.37810884885627
2023-03-14 00:00:00-04:00,150.51586744423108,149.15329058948242
2023-03-15 00:00:00-04:00,150.91083961374468,150.7718672929085
2023-03-16 00:00:00-04:00,153.73495454697192,151.34956232840545
2023-03-17 00:00:00-04:00,152.895623467421,153.0748071175444
2023-03-20 00:00:00-04:00,155.2655325811752,154.299782845732
2023-03-21 00:00:00-04:00,157.1219565674934,155.10797184859894
2023-03-22 00:00:00-04:00,155.69013679500307,156.57150911708393
2023-03-23 00:00:00-04:00,156.7763254805,157.42983069988856
2023-03-24 00:00:00-04:00,158.0797549469632,157.74477283908467
2023-03-27 00:00:00-04:00,156.13448048570586,157.78194048844466
2023-03-28 00:00:00-04:00,155.5123749677867,157.23235696762717
2023-03-29 00:00:00-04:00,158.59327051306823,155.92281943982567
2023-03-30 00:00:00-04:00,160.1632818430179,157.72600152855497
2023-03-31 00:00:00-04:00,162.67145861090404,159.75281446627653
2023-04-03 00:00:00-04:00,163.92550133684355,161.52179459090507
2023-04-04 00:00:00-04:00,163.39227673253254,162.90265628105217
2023-04-05 00:00:00-04:00,161.54571487498458,163.52963168807904
2023-04-06 00:00:00-04:00,162.43446313372826,161.68641852973948
2023-04-10 00:00:00-04:00,159.83745111023754,160.89561457839218
2023-04-11 00:00:00-04:00,158.62287211871347,158.751230968727
2023-04-12 00:00:00-04:00,157.93167082206463,158.3957464348759
2023-04-13 00:00:00-04:00,163.32315051513388,158.38432684221104
2023-04-14 00:00:00-04:00,162.97754986680948,161.29644796231838
2023-04-17 00:00:00-04:00,162.99730456301896,163.06932552006538
2023-04-18 00:00:00-04:00,164.2217609026478,163.5091445979549
2023-04-19 00:00:00-04:00,165.36722889610772,164.66406879501923
2023-04-20 00:00:00-04:00,164.3994922911951,165.24801335884027
2023-04-21 00:00:00-04:00,162.78992591082292,164.8125234996625
2023-04-24 00:00:00-04:00,163.09604760539736,163.38374497143803
2023-04-25 00:00:00-04:00,161.55562266175835,162.9762643619308
2023-04-26 00:00:00-04:00,161.54571487498458,162.7545197342145
2023-04-27 00:00:00-04:00,166.13741853892543,162.421783483463
2023-04-28 00:00:00-04:00,167.39150692286847,165.27937462824826
2023-05-01 00:00:00-04:00,167.3026107899258,167.64366209546884
2023-05-02 00:00:00-04:00,166.26579362561807,168.4679521558543
2023-05-03 00:00:00-04:00,165.18948228822586,167.95721797565488
2023-05-04 00:00:00-04:00,163.55026864420492,167.26263403494053
2023-05-05 00:00:00-04:00,171.232684324194,164.452346138179
2023-05-08 00:00:00-04:00,171.1635733261298,169.27289140399273
2023-05-09 00:00:00-04:00,169.45527912271373,171.21666515445574
2023-05-10 00:00:00-04:00,171.22280697608923,170.93491369204975
2023-05-11 00:00:00-04:00,171.41043093207583,171.34455322952346
2023-05-12 00:00:00-04:00,170.48094051481687,171.7031057136427
2023-05-15 00:00:00-04:00,169.98650999420235,171.1672143412443
2023-05-16 00:00:00-04:00,169.98650999420235,170.73278122049223
2023-05-17 00:00:00-04:00,170.5996056660845,170.6602753291544
2023-05-18 00:00:00-04:00,172.93321666700388,170.60114342843005
2023-05-19 00:00:00-04:00,173.04195881216322,172.23399746338188
2023-05-22 00:00:00-04:00,172.09271369869475,173.9333351169229
2023-05-23 00:00:00-04:00,169.4822477834866,172.98759967703288
2023-05-24 00:00:00-04:00,169.75910269777538,170.74543935604314
2023-05-25 00:00:00-04:00,170.8962304959173,169.87873204250548
2023-05-26 00:00:00-04:00,173.30893637834723,171.1173431052183
2023-05-30 00:00:00-04:00,175.1580703034294,173.24420531001863
2023-05-31 00:00:00-04:00,175.1086226855676,176.17549543791267
2023-06-01 00:00:00-04:00,177.91686385288844,176.94476692348888
2023-06-02 00:00:00-04:00,178.76725938863683,177.66165599893074
2023-06-05 00:00:00-04:00,177.41258642283825,178.9839766528496
2023-06-06 00:00:00-04:00,177.0467136209306,179.12710221424928
2023-06-07 00:00:00-04:00,175.67227073958796,177.40478902203327
2023-06-08 00:00:00-04:00,178.39150923862448,176.24468339784934
2023-06-09 00:00:00-04:00,178.7771367367416,176.97934385928906
2023-06-12 00:00:00-04:00,181.57551577529222,178.95829677282714
2023-06-13 00:00:00-04:00,181.10088560889076,180.73732159388925
2023-06-14 00:00:00-04:00,181.73372075764786,181.3444689519607
2023-06-15 00:00:00-04:00,183.77070692873448,181.60021101375983
2023-06-16 00:00:00-04:00,182.69287365789012,182.81655103008148
2023-06-20 00:00:00-04:00,182.78187632617448,183.06138482426044
2023-06-21 00:00:00-04:00,181.74362854442168,182.6102938698301
2023-06-22 00:00:00-04:00,184.74964496385525,181.68068221301613
2023-06-23 00:00:00-04:00,184.43321977980943,182.76395272715047
2023-06-26 00:00:00-04:00,183.03896132491923,183.6045483750723
2023-06-27 00:00:00-04:00,185.7977853130473,183.64009114706803
2023-06-28 00:00:00-04:00,186.97446816161175,184.70298819886597
2023-06-29 00:00:00-04:00,187.3106784805361,186.28602781168567
2023-06-30 00:00:00-04:00,191.64172060211956,187.242069291921
2023-07-03 00:00:00-04:00,190.14859735017478,189.9945547330744
2023-07-05 00:00:00-04:00,189.03122424824235,190.15132699177806
2023-07-06 00:00:00-04:00,189.50586963397836,188.9362482439
2023-07-07 00:00:00-04:00,188.38848131271146,187.99114911962116
2023-07-10 00:00:00-04:00,186.34166345152366,187.86791978384952
2023-07-11 00:00:00-04:00,185.81755522859135,185.8536854422275
2023-07-12 00:00:00-04:00,187.4886685977703,185.27178617858524
2023-07-13 00:00:00-04:00,188.25007668456885,187.16509782852617
2023-07-14 00:00:00-04:00,188.39838909948523,188.61843132167482
2023-07-17 00:00:00-04:00,191.66150573699807,189.07985104200802
2023-07-18 00:00:00-04:00,191.4044055189188,191.34875934422473
2023-07-19 00:00:00-04:00,192.75909370405196,192.00981172478586
2023-07-20 00:00:00-04:00,190.81112542058423,193.0297006589355
2023-07-21 00:00:00-04:00,189.63442735268526,192.10604309819755
2023-07-24 00:00:00-04:00,190.4353600512373,190.78973335424854
2023-07-25 00:00:00-04:00,191.29563293509045,191.1133225680894
2023-07-26 00:00:00-04:00,192.1657679477138,191.8919342578154
2023-07-27 00:00:00-04:00,190.90009765019954,192.8482257191837
2023-07-28 00:00:00-04:00,193.48093152109342,193.04860832281045
2023-07-31 00:00:00-04:00,194.09399675430654,194.06973579984614
2023-08-01 00:00:00-04:00,193.26340157277122,194.84033673053855
2023-08-02 00:00:00-04:00,190.26727772077692,194.5941621284646
2023-08-03 00:00:00-04:00,188.87303448522127,192.05209262459277
2023-08-04 00:00:00-04:00,179.79566026095398,189.74455087455462
2023-08-07 00:00:00-04:00,176.69074860579676,183.1580252577079
2023-08-08 00:00:00-04:00,177.63013159049495,179.25888772243545
2023-08-09 00:00:00-04:00,176.03811310282654,178.9359348242058
2023-08-10 00:00:00-04:00,175.82059837383886,179.86537603933817
2023-08-11 00:00:00-04:00,175.87998421714352,180.83185991326405
2023-08-14 00:00:00-04:00,177.53354969361868,180.78196595168055
2023-08-15 00:00:00-04:00,175.54334775685257,182.11854689295703
2023-08-16 00:00:00-04:00,174.67199519746742,182.05577890302598
2023-08-17 00:00:00-04:00,172.1272920267286,181.23430681177572
2023-08-18 00:00:00-04:00,172.6124691919538,179.61290645782506
2023-08-21 00:00:00-04:00,173.94918334301653,177.80771315725332
2023-08-22 00:00:00-04:00,175.32548298317087,178.9369801998527
2023-08-23 00:00:00-04:00,179.17719216398555,181.10530518438844
2023-08-24 00:00:00-04:00,174.48388422277614,184.36732035119152
2023-08-25 00:00:00-04:00,176.69192049455492,183.1195736143468
2023-08-28 00:00:00-04:00,178.2563767674041,182.07339121012103
2023-08-29 00:00:00-04:00,182.14767143731035,183.09606402506958
2023-08-30 00:00:00-04:00,185.642913364952,185.14325042512755
2023-08-31 00:00:00-04:00,185.86076291929913,188.3894031527663
2023-09-01 00:00:00-04:00,187.43512697892209,189.94679697389986
2023-09-05 00:00:00-04:00,187.67274644881326,190.75197484039248
2023-09-06 00:00:00-04:00,180.94959020440805,190.08207085516875
2023-09-07 00:00:00-04:00,175.65222687602258,185.80947287002948
2023-09-08 00:00:00-04:00,176.26615961130344,177.20497455734503
2023-09-11 00:00:00-04:00,177.4345327032189,176.89770229381935
2023-09-12 00:00:00-04:00,174.4046523672549,178.72917770168846
2023-09-13 00:00:00-04:00,172.33523379430204,178.52281827642813
2023-09-14 00:00:00-04:00,173.85016635261672,177.0514179650336
2023-09-15 00:00:00-04:00,173.12732405949683,176.6819799388517
2023-09-18 00:00:00-04:00,176.0582330630646,177.01102328650265
2023-09-19 00:00:00-04:00,177.1473895187933,179.17942781048978
2023-09-20 00:00:00-04:00,173.60263909595176,180.52628070377526
2023-09-21 00:00:00-04:00,172.05796795798116,179.76798566249184
2023-09-22 00:00:00-04:00,172.9095049438187,177.36780317713362
2023-09-25 00:00:00-04:00,174.18680281290773,177.18749860359523
2023-09-26 00:00:00-04:00,170.10735151030661,177.63430579042893
2023-09-27 00:00:00-04:00,168.59241895199187,175.96917010098863
2023-09-28 00:00:00-04:00,168.84986921476516,173.94337981335647
2023-09-29 00:00:00-04:00,169.3647545209772,172.61303703762528
2023-10-02 00:00:00-04:00,171.8797343313946,173.85806807034373
2023-10-03 00:00:00-04:00,170.54303539966642,175.57020021278092
2023-10-04 00:00:00-04:00,171.79064034710314,175.46391278015687
2023-10-05 00:00:00-04:00,173.02830706909702,175.53658911317626
2023-10-06 00:00:00-04:00,175.58293324594416,176.7387370188129
2023-10-09 00:00:00-04:00,177.06818810194108,178.1956838756107
2023-10-10 00:00:00-04:00,176.47407094020778,179.7430330003107
2023-10-11 00:00:00-04:00,177.87020137324419,180.31467167472272
2023-10-12 00:00:00-04:00,178.77126207361613,180.55439221845475
2023-10-13 00:00:00-04:00,176.92957040311518,181.54148817307123
2023-10-16 00:00:00-04:00,176.80084527172852,180.87751555836599
2023-10-17 00:00:00-04:00,175.2462663469841,178.80737634519056
2023-10-18 00:00:00-04:00,173.94918334301653,176.94278979998273
2023-10-19 00:00:00-04:00,173.57291573563043,175.8593261186093
2023-10-20 00:00:00-04:00,171.01833521678688,176.00370158567375
2023-10-23 00:00:00-04:00,171.13715256139974,174.5509248686849
2023-10-24 00:00:00-04:00,171.5728060120905,172.95672700711205
2023-10-25 00:00:00-04:00,169.25584496313812,173.49842475946247
2023-10-26 00:00:00-04:00,165.0872692375765,172.73388018985497
2023-10-27 00:00:00-04:00,166.40418303442613,170.14061000484097
2023-10-30 00:00:00-04:00,168.45378603383145,169.50744188338393
2023-10-31 00:00:00-04:00,168.92910107028644,171.6254638463004
2023-11-01 00:00:00-04:00,172.09758388574178,172.28439138723132
2023-11-02 00:00:00-04:00,175.66214988213088,174.65007647624074
2023-11-03 00:00:00-04:00,174.7511813949851,178.37801102377037
2023-11-06 00:00:00-05:00,177.30579235249772,177.5768442181839
2023-11-07 00:00:00-05:00,179.87032631611862,178.6963165454827
2023-11-08 00:00:00-05:00,180.929789850195,180.84487029495688
2023-11-09 00:00:00-05:00,180.45452047174362,182.5594454348298
2023-11-10 00:00:00-05:00,184.64837551194623,182.7751109759036
2023-11-13 00:00:00-05:00,183.06204905538902,184.55109057225508
2023-11-14 00:00:00-05:00,185.67950064514275,184.38505764885306
2023-11-15 00:00:00-05:00,186.24464019394622,185.87078642427784
2023-11-16 00:00:00-05:00,187.93013583424843,186.78057003213638
2023-11-17 00:00:00-05:00,187.91030504136637,187.87410113550095
2023-11-20 00:00:00-05:00,189.65526262164582,187.8574319390439
2023-11-21 00:00:00-05:00,188.85218399692616,188.40934482950942
2023-11-22 00:00:00-05:00,189.5164775101402,188.17301039385117
2023-11-24 00:00:00-05:00,188.1879057030467,188.74462634270566
2023-11-27 00:00:00-05:00,188.0094285671078,187.5933155092905
2023-11-28 00:00:00-05:00,188.614214482341,187.0419707577635
2023-11-29 00:00:00-05:00,187.59302757458727,187.393762388514
2023-11-30 00:00:00-05:00,188.1680749101646,187.53678568490471
2023-12-01 00:00:00-05:00,189.44706212538554,187.36438960539095
2023-12-04 00:00:00-05:00,187.65248951456456,188.27602534618916
2023-12-05 00:00:00-05:00,191.60845113685457,187.03445996099586
2023-12-06 00:00:00-05:00,190.51784884434625,189.36461364078832
2023-12-07 00:00:00-05:00,192.45120656667294,190.8212650653381
2023-12-08 00:00:00-05:00,193.87890189950787,192.14700591566705
2023-12-11 00:00:00-05:00,191.3704968416039,193.01529265545386
2023-12-12 00:00:00-05:00,192.88745357141005,190.73755547413205
2023-12-13 00:00:00-05:00,196.10970629573148,190.79746004381283
2023-12-14 00:00:00-05:00,196.25839919401093,193.3501764713931
2023-12-15 00:00:00-05:00,195.72302866353232,195.17076633719955
2023-12-18 00:00:00-05:00,194.05736381611223,194.99941563333272
2023-12-19 00:00:00-05:00,195.09841195541705,192.93952564660876
2023-12-20 00:00:00-05:00,193.00642310936814,193.36982271588818
2023-12-21 00:00:00-05:00,192.8576693337506,193.12512527505444
2023-12-22 00:00:00-05:00,191.78692827279343,193.0222466760617
2023-12-26 00:00:00-05:00,191.24160429753752,192.38115869780125
2023-12-27 00:00:00-05:00,191.340758261948,191.84538095319056
2023-12-28 00:00:00-05:00,191.7670822605768,191.49857758232054
2023-12-29 00:00:00-05:00,190.72604934060652,192.72092850861205
2024-01-02 00:00:00-05:00,183.89488147909907,192.5251591931663
2024-01-03 00:00:00-05:00,182.5167402994676,186.30559451672937
2024-01-04 00:00:00-05:00,180.19675060294537,183.59449231585998
2024-01-05 00:00:00-05:00,179.47294949175057,181.88550766314236
2024-01-08 00:00:00-05:00,183.81555830757068,181.95432065137962
2024-01-09 00:00:00-05:00,183.39914209571566,185.3866411464026
2024-01-10 00:00:00-05:00,184.44019023502048,186.66616957546987
2024-01-11 00:00:00-05:00,183.8452968872266,187.77121117372945
2024-01-12 00:00:00-05:00,184.1724821407794,188.1053904973849
2024-01-16 00:00:00-05:00,181.9020313781261,188.37927891688133
2024-01-17 00:00:00-05:00,180.9601372032318,185.47152110382206
2024-01-18 00:00:00-05:00,186.85934911528773,183.63502334773617
2024-01-19 00:00:00-05:00,189.7643243728301,188.7062315132384
2024-01-22 00:00:00-05:00,192.07443672124757,192.4869461681594
2024-01-23 00:00:00-05:00,193.35340871713402,195.27444033070628
2024-01-24 00:00:00-05:00,192.67922263648077,196.5061200983688
2024-01-25 00:00:00-05:00,192.35205260226246,196.18420121300727
2024-01-26 00:00:00-05:00,190.61700280875675,195.15971035345538
2024-01-29 00:00:00-05:00,189.93286328332616,193.21640247692198
2024-01-30 00:00:00-05:00,186.2743787736021,191.06545118112712
2024-01-31 00:00:00-05:00,182.66546363641606,188.67240452083712
2024-02-01 00:00:00-05:00,185.10446852889993,185.38741381535905
2024-02-02 00:00:00-05:00,184.10309719469382,185.2821944839395
2024-02-05 00:00:00-05:00,185.9174549403934,183.54330299749657
2024-02-06 00:00:00-05:00,187.52362740916718,186.84916712757698
2024-02-07 00:00:00-05:00,187.6326891603515,188.81023502732947
2024-02-08 00:00:00-05:00,186.55199465461698,190.65370952958077
2024-02-09 00:00:00-05:00,187.31640095031636,189.9485013907155
2024-02-12 00:00:00-05:00,185.62875938384656,190.0737760266659
2024-02-13 00:00:00-05:00,183.53409193492178,188.91565888876693
2024-02-14 00:00:00-05:00,182.65056390791912,186.34245537106253
2024-02-15 00:00:00-05:00,182.36269019543644,185.0900385321429
2024-02-16 00:00:00-05:00,180.82393937859487,184.28008829856648
2024-02-20 00:00:00-05:00,180.07940953378116,184.05224185865015
2024-02-21 00:00:00-05:00,180.83390804270675,183.1572071376364
2024-02-22 00:00:00-05:00,182.8689917969781,183.8039878680611
2024-02-23 00:00:00-05:00,181.03242904221105,186.07324841641972
2024-02-26 00:00:00-05:00,179.6823370961035,186.18855789538796
2024-02-27 00:00:00-05:00,181.14162776740602,184.4934244699922
2024-02-28 00:00:00-05:00,179.94042657092672,184.39855663003303
2024-02-29 00:00:00-05:00,179.275295994314,184.04401520681995
2024-03-01 00:00:00-05:00,178.19324696780706,183.03697757546033
2024-03-04 00:00:00-05:00,173.66639288826423,181.20008212211744
2024-03-05 00:00:00-05:00,168.72262035882713,177.61192111625002
2024-03-06 00:00:00-05:00,167.72987838729497,173.17552867512663
2024-03-07 00:00:00-05:00,167.6107718753262,172.20790852332365
2024-03-08 00:00:00-05:00,169.32818246012093,172.39973495453586
2024-03-11 00:00:00-04:00,171.33349719606736,174.49102029900413
2024-03-12 00:00:00-04:00,171.8099841212805,177.55145977040948
2024-03-13 00:00:00-04:00,169.72527011713308,178.10890633413652
2024-03-14 00:00:00-04:00,171.5816788841168,176.87598802358795
2024-03-15 00:00:00-04:00,171.20443723932124,177.48804410208845
2024-03-18 00:00:00-04:00,172.29643971060557,175.9363771214555
2024-03-19 00:00:00-04:00,174.63925840891073,177.9545429845323
2024-03-20 00:00:00-04:00,177.2104280023832,179.00454328242515
2024-03-21 00:00:00-04:00,169.9635287990742,180.64414680796696
2024-03-22 00:00:00-04:00,170.866918057628,177.34239600380164
2024-03-25 00:00:00-04:00,169.44731941075875,174.5885583919745
2024-03-26 00:00:00-04:00,168.31560969570666,172.9452619633321
2024-03-27 00:00:00-04:00,171.8894290474851,172.3445232124875
2024-03-28 00:00:00-04:00,170.07272752426917,174.30964762426126
2024-04-01 00:00:00-04:00,168.63326764584878,174.25050436075813
2024-04-02 00:00:00-04:00,167.4519124615861,173.29249711979543
2024-04-03 00:00:00-04:00,168.25602600105327,171.7792363314085
2024-04-04 00:00:00-04:00,167.43208166870403,171.9979470971929
2024-04-05 00:00:00-04:00,168.18654973896054,172.5070791255856
2024-04-08 00:00:00-04:00,167.0647630300168,172.67449830799768
2024-04-09 00:00:00-04:00,168.2758872326044,171.83836823213284
2024-04-10 00:00:00-04:00,166.39963245340405,172.14727673580154
2024-04-11 00:00:00-04:00,173.60683963227984,171.10553717807525
2024-04-12 00:00:00-04:00,175.10585276668462,174.29605774085113
2024-04-15 00:00:00-04:00,171.27391350141394,177.55005078584188
2024-04-16 00:00:00-04:00,167.9880135201217,176.29014587571217
2024-04-17 00:00:00-04:00,166.61804512312855,172.77809276205298
2024-04-18 00:00:00-04:00,165.66501039536416,170.45759744421588
2024-04-19 00:00:00-04:00,163.63986486653565,169.03404579422607
2024-04-22 00:00:00-04:00,164.47373220499315,167.24072659747003
2024-04-23 00:00:00-04:00,165.5260274325097,167.56509984304606
2024-04-24 00:00:00-04:00,167.63061788754283,168.3385641939888
2024-04-25 00:00:00-04:00,168.49429990232886,170.1655740298009
2024-04-26 00:00:00-04:00,167.90858381325168,171.9081129682293
2024-04-29 00:00:00-04:00,172.07802704088107,172.38077047676703
2024-04-30 00:00:00-04:00,168.9310948031088,175.82303340321468
2024-05-01 00:00:00-04:00,167.90858381325168,174.6531103381726
2024-05-02 00:00:00-04:00,171.61146312177627,172.3469207588082
2024-05-03 00:00:00-04:00,181.88617283155423,173.46263200633376
2024-05-06 00:00:00-04:00,180.2283307220784,183.13002737081612
2024-05-07 00:00:00-04:00,180.91330731090773,183.39777988977625
2024-05-08 00:00:00-04:00,181.250826492601,183.0755087582728
2024-05-09 00:00:00-04:00,183.06754323515145,182.0056690486458
2024-05-10 00:00:00-04:00,181.80505377855224,182.04982480694997
2024-05-13 00:00:00-04:00,185.0158920019822,182.01788403582466
2024-05-14 00:00:00-04:00,186.15909231459838,183.57691409710122
2024-05-15 00:00:00-04:00,188.4355242757188,185.02464574031575
2024-05-16 00:00:00-04:00,188.55481341970184,186.39999648275892
2024-05-17 00:00:00-04:00,188.58462809603031,187.43737273343714
2024-05-20 00:00:00-04:00,189.74770485953212,187.26048835630883
2024-05-21 00:00:00-04:00,191.04994721790263,187.3660485710915
2024-05-22 00:00:00-04:00,189.60852404532892,188.30243244405298
2024-05-23 00:00:00-04:00,185.61235294123188,188.06391635487068
2024-05-24 00:00:00-04:00,188.69397901457052,185.4541019639661
2024-05-28 00:00:00-04:00,188.70391724001337,185.77596403543376
2024-05-29 00:00:00-04:00,189.00214009997092,187.4348388337712
2024-05-30 00:00:00-04:00,189.99622137294102,187.8798847898954
2024-05-31 00:00:00-04:00,190.95051930547072,188.6640642412192
2024-06-03 00:00:00-04:00,192.71998001433053,189.145948326119
2024-06-04 00:00:00-04:00,193.03807932517378,190.79873267503518
2024-06-05 00:00:00-04:00,194.54907007584734,191.84899431683974
2024-06-06 00:00:00-04:00,193.16732191393416,193.20877805236663
2024-06-07 00:00:00-04:00,195.5630125803686,192.72214432594055
2024-06-10 00:00:00-04:00,191.81535798968045,193.1210346746969
2024-06-11 00:00:00-04:00,205.76221917158318,191.6559179799627
2024-06-12 00:00:00-04:00,211.64715534785756,195.6672629555989
2024-06-13 00:00:00-04:00,212.81020167269034,204.24212714124855
2024-06-14 00:00:00-04:00,211.07057085949356,208.14250321940702
2024-06-17 00:00:00-04:00,215.22579922867942,207.74852159107976
2024-06-18 00:00:00-04:00,212.8598927999045,208.62303513363307
2024-06-20 00:00:00-04:00,208.27721420133514,208.46062693665903
2024-06-21 00:00:00-04:00,206.10021015264664,204.90154328166662
2024-06-24 00:00:00-04:00,206.74636221911044,201.70702302076333
2024-06-25 00:00:00-04:00,207.6708454753117,201.01054149599423
2024-06-26 00:00:00-04:00,211.82607384449759,202.53023361716555
2024-06-27 00:00:00-04:00,212.67105129715617,205.98118906937302
2024-06-28 00:00:00-04:00,209.21163568297922,208.4161416577705
2024-07-01 00:00:00-04:00,215.30532025155662,207.99377580807325
2024-07-02 00:00:00-04:00,218.80445832883584,209.14498437647947
2024-07-03 00:00:00-04:00,220.07688601087787,211.80295422381562
2024-07-05 00:00:00-04:00,224.8384831060872,214.2729496219429
2024-07-08 00:00:00-04:00,226.30972095498944,217.22065896516105
2024-07-09 00:00:00-04:00,227.1646061944218,219.3172166389791
2024-07-10 00:00:00-04:00,231.43913892692527,220.68947670559655
2024-07-11 00:00:00-04:00,226.06120444158057,222.84229149710984
2024-07-12 00:00:00-04:00,229.01358792615878,221.0820038982411
2024-07-15 00:00:00-04:00,232.85071698450145,221.39326449711544
2024-07-16 00:00:00-04:00,233.26822898844205,225.3165365744975
2024-07-17 00:00:00-04:00,227.36343158061652,226.1252823535242
2024-07-18 00:00:00-04:00,222.69129373372718,221.5198799409608
2024-07-19 00:00:00-04:00,222.82050588381856,218.41646644024348
2024-07-22 00:00:00-04:00,222.4725918966468,217.19295651051732
2024-07-23 00:00:00-04:00,223.51636429683106,218.29379388063165
2024-07-24 00:00:00-04:00,217.08471918585926,219.01360319021765
2024-07-25 00:00:00-04:00,216.040946785675,216.53729008709368
2024-07-26 00:00:00-04:00,216.50814991682978,214.2740972625988
2024-07-29 00:00:00-04:00,216.7864963259017,214.58177858616023
2024-07-30 00:00:00-04:00,217.34317392471098,215.18567618950314
2024-07-31 00:00:00-04:00,220.60373371402414,216.68349496154028
2024-08-01 00:00:00-04:00,216.90578546988473,220.2663609125004
2024-08-02 00:00:00-04:00,218.39689976967261,220.34501406715333
2024-08-05 00:00:00-04:00,207.86965564217192,220.17367472606526
2024-08-06 00:00:00-04:00,205.84175541379489,207.1025703435053
2024-08-07 00:00:00-04:00,208.4164102348729,204.15792895055534
2024-08-08 00:00:00-04:00,211.88570319715458,207.91473631894212
2024-08-09 00:00:00-04:00,214.7983642186305,212.92592628697585
2024-08-12 00:00:00-04:00,216.33099686299428,216.24460763150998
2024-08-13 00:00:00-04:00,220.0531286296891,219.3284657899624
2024-08-14 00:00:00-04:00,220.50098798666647,222.35460103225805
2024-08-15 00:00:00-04:00,223.4866561558442,223.29996150044863
2024-08-16 00:00:00-04:00,224.8103121178871,225.27622143541797
2024-08-19 00:00:00-04:00,224.65107222078396,225.77195674763962
2024-08-20 00:00:00-04:00,225.26810970030732,225.15043547442286
2024-08-21 00:00:00-04:00,225.1586218077564,225.33501245277915
2024-08-22 00:00:00-04:00,223.2975711437435,225.3226497494763
2024-08-23 00:00:00-04:00,225.5965277199564,224.6046812100512
2024-08-26 00:00:00-04:00,225.93489918438289,224.72353587599596
2024-08-27 00:00:00-04:00,226.78083545511637,224.62667954975188
2024-08-28 00:00:00-04:00,225.2482028107526,224.9916747294343
2024-08-29 00:00:00-04:00,228.5324438845819,225.10580247941033
2024-08-30 00:00:00-04:00,227.74621306317806,227.7381606233966
2024-09-03 00:00:00-04:00,221.54596271427798,227.3102838259954
2024-09-04 00:00:00-04:00,219.63514482637834,223.2078207273945
2024-09-05 00:00:00-04:00,221.15782402596474,218.67024274131526
2024-09-06 00:00:00-04:00,219.60529971138078,220.0478319511763
2024-09-09 00:00:00-04:00,219.69485027570792,220.83038652513585
2024-09-10 00:00:00-04:00,218.89868122886122,219.4870560932694
2024-09-11 00:00:00-04:00,221.43649004106157,218.60983820936855
2024-09-12 00:00:00-04:00,221.54596271427798,220.5877002961446
2024-09-13 00:00:00-04:00,221.27726536329297,221.98908316475217
2024-09-16 00:00:00-04:00,215.12678223827967,223.00814261605152
2024-09-17 00:00:00-04:00,215.5945180461427,217.20247851912745
2024-09-18 00:00:00-04:00,219.47590492927515,215.89581577435501
2024-09-19 00:00:00-04:00,227.61683350040698,219.6236935079908
2024-09-20 00:00:00-04:00,226.95002879699686,226.99929593381162
2024-09-23 00:00:00-04:00,225.22829592119788,229.09091079886426
2024-09-24 00:00:00-04:00,226.1239994158181,226.7523145744449
2024-09-25 00:00:00-04:00,225.12877669275883,226.79040260888536
2024-09-26 00:00:00-04:00,226.27328586814392,225.2239981041864
2024-09-27 00:00:00-04:00,226.5419832191289,225.94602315563273
2024-09-30 00:00:00-04:00,231.72711917474956,227.06896113045667
2024-10-01 00:00:00-04:00,224.96955201499023,230.037998409428
2024-10-02 00:00:00-04:00,225.5368222706268,226.34372041261813
2024-10-03 00:00:00-04:00,224.43211165501668,224.32549773564745
2024-10-04 00:00:00-04:00,225.5567291601815,223.5871670966647
2024-10-07 00:00:00-04:00,220.4711276523344,225.00071950133602
2024-10-08 00:00:00-04:00,224.53164610279023,222.6548738240608
2024-10-09 00:00:00-04:00,228.28363820381708,223.97268345480757
2024-10-10 00:00:00-04:00,227.78602684228747,226.6107002626218
2024-10-11 00:00:00-04:00,226.30314620247597,227.7799529237164
2024-10-14 00:00:00-04:00,230.0352314139481,227.76930600000796
2024-10-15 00:00:00-04:00,232.57305544548302,229.22778683193985
2024-10-16 00:00:00-04:00,230.51293588592304,232.51935658632632
2024-10-17 00:00:00-04:00,230.88116768468157,230.54889166853022
2024-10-18 00:00:00-04:00,233.71754940153352,230.53318830826868
2024-10-21 00:00:00-04:00,235.1904918159022,232.7973128806228
2024-10-22 00:00:00-04:00,234.57345433637883,233.4781705845818
2024-10-23 00:00:00-04:00,229.4978062733091,232.38740063645858
2024-10-24 00:00:00-04:00,229.3087364805429,229.07770724993233
2024-10-25 00:00:00-04:00,230.1447040871645,227.10233361170714
2024-10-28 00:00:00-04:00,232.12519608850565,227.98553968002028
2024-10-29 00:00:00-04:00,232.39390865882515,230.72603738957028
2024-10-30 00:00:00-04:00,228.8409550146763,231.51763673543152
2024-10-31 00:00:00-04:00,224.67097911033866,229.65173210788626
2024-11-01 00:00:00-04:00,221.6852957218264,226.09538688257769
2024-11-04 00:00:00-05:00,220.78959222720616,221.52870882006587
2024-11-05 00:00:00-05:00,222.22272086246542,220.16199378948866
2024-11-06 00:00:00-05:00,221.49621070972572,221.9699482453018
2024-11-07 00:00:00-05:00,226.23347208903448,223.44474602754886
2024-11-08 00:00:00-05:00,225.96447035135904,227.08531216910816
2024-11-11 00:00:00-05:00,223.24451654359999,228.91036760697165
2024-11-12 00:00:00-05:00,223.24451654359999,226.4328614120767
2024-11-13 00:00:00-05:00,224.1312406308523,225.83133862949694
2024-11-14 00:00:00-05:00,227.21983715940195,226.09962519905926
2024-11-15 00:00:00-05:00,224.01167753884786,228.151140817829
2024-11-18 00:00:00-05:00,227.0205704125061,227.07379031143435
2024-11-19 00:00:00-05:00,227.27960348606968,228.16661692251512
2024-11-20 00:00:00-05:00,227.99695159942718,229.047255002826
2024-11-21 00:00:00-05:00,227.5187296700785,229.302508465138
2024-11-22 00:00:00-05:00,228.8637535777902,229.0176208757912
2024-11-25 00:00:00-05:00,231.85270912322468,229.59094124146137
2024-11-26 00:00:00-05:00,234.03464423629833,231.60976614570689
2024-11-27 00:00:00-05:00,233.90512769951656,233.68517768823207
2024-11-29 00:00:00-05:00,236.29629822359792,234.0978283620801
2024-12-02 00:00:00-05:00,238.54796832745114,234.94319637708577
2024-12-03 00:00:00-05:00,241.5967054188878,236.77299009369676
2024-12-04 00:00:00-05:00,241.95537947556656,238.52902801330515
2024-12-05 00:00:00-05:00,241.9852702485677,239.6729189521828
2024-12-06 00:00:00-05:00,241.78600350167181,239.9671012945643
2024-12-09 00:00:00-05:00,245.68162046258232,239.43905023951788
2024-12-10 00:00:00-05:00,246.6978610866164,240.07683164915596
2024-12-11 00:00:00-05:00,245.42257216968426,241.74779644410575
2024-12-12 00:00:00-05:00,246.8871743887349,242.23004413792623
2024-12-13 00:00:00-05:00,247.05653514329515,242.022934769267
2024-12-16 00:00:00-05:00,249.95581836972627,242.2412592005732
2024-12-17 00:00:00-05:00,252.38683311158613,243.46379193132506
2024-12-18 00:00:00-05:00,246.9768314884037,245.14531274775314
2024-12-19 00:00:00-05:00,248.71042022579525,243.00115639366336
2024-12-20 00:00:00-05:00,253.39313551017736,242.06434073510857
2024-12-23 00:00:00-05:00,254.17026516953706,243.11369335461146
2024-12-24 00:00:00-05:00,257.089485724192,246.13851051456967
2024-12-26 00:00:00-05:00,257.90642916266114,248.89367757151305
2024-12-27 00:00:00-05:00,254.48907978910287,250.97171391593432
2024-12-30 00:00:00-05:00,251.11155941398854,248.78093608054706
2024-12-31 00:00:00-05:00,249.33811123948396,244.75471722749964
2025-01-02 00:00:00-05:00,242.79230590026302,243.53270718457125
2025-01-03 00:00:00-05:00,242.30410008746796,239.4531514479727
2025-01-06 00:00:00-05:00,243.9380630610789,237.51546814693094
2025-01-07 00:00:00-05:00,241.15834292665213,239.66138573173023
2025-01-08 00:00:00-05:00,241.64651830077818,239.43009636984632
2025-01-10 00:00:00-05:00,235.81806107491474,239.41929036723508
2025-01-13 00:00:00-05:00,233.377077668943,235.99698048030936
2025-01-14 00:00:00-05:00,232.26119606179375,232.34548334557232
2025-01-15 00:00:00-05:00,236.8343016989488,233.12662893496423
2025-01-16 00:00:00-05:00,227.25968137718039,236.906411842026
2025-01-17 00:00:00-05:00,228.97334800568277,235.11505840599733
2025-01-21 00:00:00-05:00,221.66036645187947,233.602808904921
2025-01-22 00:00:00-05:00,222.8459830498083,227.0658136407371
2025-01-23 00:00:00-05:00,222.67662229524802,225.2526095811318
2025-01-24 00:00:00-05:00,221.79985165277313,227.59538730813884
2025-01-27 00:00:00-05:00,228.85378491367834,228.50215977962307
2025-01-28 00:00:00-05:00,237.22286652862866,232.57345477605512
2025-01-29 00:00:00-05:00,238.3188260268887,239.10760934554625
2025-01-30 00:00:00-05:00,236.55533129716147,241.16909012129815
2025-01-31 00:00:00-05:00,234.97119642477546,241.76880622205334
2025-02-03 00:00:00-05:00,227.0106017483942,242.92213963008976
2025-02-04 00:00:00-05:00,231.7829741324451,233.4413210930274
2025-02-05 00:00:00-05:00,231.45419084876744,231.5061262405365
2025-02-06 00:00:00-05:00,232.20142973512608,231.49751325422807
2025-02-07 00:00:00-05:00,226.63200558282625,233.02740915073576
2025-02-10 00:00:00-05:00,226.90129648785756,232.06661802897418
2025-02-11 00:00:00-05:00,231.85844681233948,231.16971981224194
2025-02-12 00:00:00-05:00,236.0974576180687,233.0914838602255
2025-02-13 00:00:00-05:00,240.74541194240263,235.48890519034236
2025-02-14 00:00:00-05:00,243.80748117088055,239.3321833051765
2025-02-18 00:00:00-05:00,243.67781244075357,242.57766562886778
2025-02-19 00:00:00-05:00,244.07677207591192,243.12251087093776
2025-02-20 00:00:00-05:00,245.0342965073603,243.0775369925621
2025-02-21 00:00:00-05:00,244.75502171888255,243.13183971230876
2025-02-24 00:00:00-05:00,246.3010169389566,243.25463726248708
2025-02-25 00:00:00-05:00,246.24115929628172,242.9203556738227
2025-02-26 00:00:00-05:00,239.5784390292632,243.25892103008374
2025-02-27 00:00:00-05:00,236.5263536842317,238.51644941720562
2025-02-28 00:00:00-05:00,241.05460794255055,235.14860132892935
2025-03-03 00:00:00-05:00,237.2544618670962,234.23831775880487
2025-03-04 00:00:00-05:00,235.15988573417857,235.59437450289488
2025-03-05 00:00:00-05:00,234.97038980004578,234.4881852639794
2025-03-06 00:00:00-05:00,234.56144628144102,232.44288508519742
2025-03-07 00:00:00-05:00,238.29178126944316,232.97524263339807
2025-03-10 00:00:00-04:00,226.73173788194856,235.85500255956558
2025-03-11 00:00:00-04:00,220.10890749071206,231.02226503213055
2025-03-12 00:00:00-04:00,216.25888765602932,223.4616992934752
2025-03-13 00:00:00-04:00,208.97776016938045,219.72628803751425
2025-03-14 00:00:00-04:00,212.77792146416925,216.05173582465085
2025-03-17 00:00:00-04:00,213.28659728189635,216.23490381843953
2025-03-18 00:00:00-04:00,211.97998697451806,217.98965774404678
2025-03-19 00:00:00-04:00,214.5233965018225,219.39373359122305
2025-03-20 00:00:00-04:00,213.3863448003532,222.15688868164244
2025-03-21 00:00:00-04:00,217.54556063518385,222.12400479987915
2025-03-24 00:00:00-04:00,219.9991913081433,222.33335263595626
2025-03-25 00:00:00-04:00,223.0113867773928,217.2269198562639
2025-03-26 00:00:00-04:00,220.79712579779454,229.8156401916581
2025-03-27 00:00:00-04:00,223.11113429584967,242.78316148294152
2025-03-28 00:00:00-04:00,217.17650699236114,232.05391444230818
2025-03-31 00:00:00-04:00,221.3955804698666,219.0863704254672
2025-04-01 00:00:00-04:00,222.45283720043727,206.30744853622505
2025-04-02 00:00:00-04:00,223.1510241716317,211.11488115533703
2025-04-03 00:00:00-04:00,202.5045510558292,217.08515782831674
2025-04-04 00:00:00-04:00,187.73284760084042,195.452347357924
2025-04-07 00:00:00-04:00,180.83074242112616,193.1399537013506
2025-04-08 00:00:00-04:00,171.81410856093598,183.88068662476545
2025-04-09 00:00:00-04:00,198.17577661508952,185.31811222763466
2025-04-10 00:00:00-04:00,189.76756609108327,183.48430745011748
2025-04-11 00:00:00-04:00,197.4775744245606,191.025363297623
2025-04-14 00:00:00-04:00,201.836285296305,185.46932808751927
2025-04-15 00:00:00-04:00,201.45726298937038,204.18454057843707
2025-04-16 00:00:00-04:00,193.60761726165413,208.14271911220368
2025-04-17 00:00:00-04:00,196.31060151142117,196.37075531486974
2025-04-21 00:00:00-04:00,192.500486771855,201.73011218722604
2025-04-22 00:00:00-04:00,199.06347473975123,189.41058744369585
2025-04-23 00:00:00-04:00,203.91090888166434,208.77302381341042
